dataset_size,threads,execution_time_sec,sum,average
1000000,1,0.002000093,1000000,1.0
1000000,2,0.001000166,1000000,1.0
1000000,4,0.000999928,1000000,1.0
1000000,8,0.002000093,1000000,1.0
5000000,1,0.006999969,5000000,1.0
5000000,2,0.003999949,5000000,1.0
5000000,4,0.003000021,5000000,1.0
5000000,8,0.003999949,5000000,1.0
10000000,1,0.013000011,10000000,1.0
10000000,2,0.008000135,10000000,1.0
10000000,4,0.004999876,10000000,1.0
10000000,8,0.006000042,10000000,1.0
50000000,1,0.062000036,50000000,1.0
50000000,2,0.037999868,50000000,1.0
50000000,4,0.023999929,50000000,1.0
50000000,8,0.025000095,50000000,1.0
